ID,Work Item Type,Title,State,Parent
5387,Epic,First Epic,In Progess,
5458,Feature,First Feature,In Progess,5387
5495,PBI,PBI One,In Progess,5458
5524,Task,First Task,New,5495
6101,Information,Project Information,Done,5524
5531,Design,Design Page,Done,5495
5488,Feature,Second Feature,In Progess,5387
5501,PBI,PBI Two,In Review,5488
5647,Task,Task Two,Code Review,5501
5710,Task,Task Three,Blocked,5501
5894,Feature,Standalone Feature,In Progess,
5911,PBI,Third PBI,In Progess,5894
5966,Task,Tasl To Do,In Progess,5911
5973,Task,Task To Think,New,5911
6154,Epic,Second Epic,New,
6155,Feature,Third Feature,New,6154
6156,PBI,Forth PBI,New,6155
6258,Design,Page Design,New,6156
6157,PBI,Last PBI,New,6155
6234,Task,Forth Task,New,6157
6638,Information,Project Data,Done,6234
7519,Task,Standalone Task,In Progess,6155
